sym,month,net,pnl_pct,reason
JUPUSDT,2024-02,-4.508559477555847,-1.3289248367362005,STALL_EXIT
JUPUSDT,2024-02,-7.2631055500517565,-2.200000000000002,STOP_LOSS
JUPUSDT,2024-02,-4.901954579148562,-2.200000000000013,STOP_LOSS
XRPUSDT,2024-02,-2.1323050134004324,-1.3894944998600667,STALL_EXIT
ETHUSDT,2024-02,2.276878083776393,0.8000000000000007,TRAILING_LOCK
DOGEUSDT,2024-02,1.5366915532228484,0.8000000000000007,TRAILING_LOCK
BONKUSDT,2024-02,13.757887792650099,6.499999999999995,TAKE_PROFIT
INJUSDT,2024-02,-2.323141043794934,-0.6570314127597454,STALL_EXIT
JUPUSDT,2024-02,2.2958032706281677,0.8000000000000007,TRAILING_LOCK
ENSUSDT,2024-02,-7.286793870985028,-2.200000000000002,STOP_LOSS
PENDLEUSDT,2024-02,-4.95408712265435,-2.200000000000002,STOP_LOSS
JUPUSDT,2024-02,2.2728898115543807,0.8000000000000007,TRAILING_LOCK
JUPUSDT,2024-02,-3.334529062486033,-2.200000000000002,STOP_LOSS
ORDIUSDT,2024-02,13.810440544458737,6.499999999999995,TAKE_PROFIT
ORDIUSDT,2024-02,1.8446098782250564,0.9243379766484594,TRAILING_LOCK
ORDIUSDT,2024-02,14.063553335282654,6.499999999999995,TAKE_PROFIT
JUPUSDT,2024-02,-2.3504010309547034,-0.9713569711851333,STALL_EXIT
INJUSDT,2024-02,-3.4537444022049324,-2.199999999999991,STOP_LOSS
TIAUSDT,2024-02,1.6042080377072188,0.8000000000000007,TRAILING_LOCK
SEIUSDT,2024-02,-3.444570061690304,-2.200000000000002,STOP_LOSS
INJUSDT,2024-02,-3.8986458253758043,-1.6744490600082096,STALL_EXIT
TRXUSDT,2024-02,20.313295067981514,6.499999999999995,TAKE_PROFIT
VETUSDT,2024-02,14.115332433966634,6.499999999999995,TAKE_PROFIT
ORDIUSDT,2024-02,-1.338405645036126,-0.5126477505602578,STALL_EXIT
PENDLEUSDT,2024-02,-0.8282668023949601,-0.45945097207191754,STALL_EXIT
BONKUSDT,2024-02,-5.133228409573446,-2.200000000000002,STOP_LOSS
FETUSDT,2024-02,-5.095776375097189,-2.200000000000002,STOP_LOSS
APTUSDT,2024-02,1.5974518707361371,0.8000000000000007,TRAILING_LOCK
INJUSDT,2024-02,9.684059951161727,6.499999999999995,TAKE_PROFIT
TRXUSDT,2024-02,21.325488680889432,6.499999999999995,TAKE_PROFIT
FETUSDT,2024-02,2.438210479195822,0.8000000000000007,TRAILING_LOCK
PENDLEUSDT,2024-02,21.790800702246973,6.499999999999995,TAKE_PROFIT
FETUSDT,2024-02,-7.89777471636649,-2.200000000000013,STOP_LOSS
FILUSDT,2024-02,2.4758376480113147,0.8000000000000007,TRAILING_LOCK
FILUSDT,2024-02,22.127082636741683,6.499999999999995,TAKE_PROFIT
RENDERUSDT,2024-02,-8.019655458433418,-2.200000000000002,STOP_LOSS
NEARUSDT,2024-02,15.240626458151686,6.499999999999995,TAKE_PROFIT
FETUSDT,2024-02,3.095340733735472,0.9664777256428225,TRAILING_LOCK
CRVUSDT,2024-02,-3.7885845914460137,-0.9870852065697266,STALL_EXIT
JUPUSDT,2024-02,22.71576704883632,6.499999999999995,TAKE_PROFIT
FILUSDT,2024-02,23.182439767087587,6.499999999999995,TAKE_PROFIT
BONKUSDT,2024-02,-5.392020116121222,-2.200000000000002,STOP_LOSS
JUPUSDT,2024-02,15.761091689329335,6.499999999999995,TAKE_PROFIT
VETUSDT,2024-02,1.3372867024404036,0.49999999999998934,TRAILING_LOCK
NEARUSDT,2024-02,8.530650490618498,5.190974638443779,TRAILING_LOCK
ORDIUSDT,2024-02,-8.549804288549137,-2.199999999999991,STOP_LOSS
NEARUSDT,2024-02,-5.812772541264483,-2.200000000000002,STOP_LOSS
JUPUSDT,2024-02,-3.951941293174572,-2.200000000000002,STOP_LOSS
JUPUSDT,2024-02,1.2284770750570642,0.8000000000000007,TRAILING_LOCK
ORDIUSDT,2024-02,7.9626816362623805,3.25286758338037,TRAILING_LOCK
VETUSDT,2024-02,-1.9903483174688477,-0.45919870063942936,STALL_EXIT
BONKUSDT,2024-02,1.5600271247026365,0.49999999999998934,TRAILING_LOCK
BONKUSDT,2024-02,15.159615396114114,6.499999999999995,TAKE_PROFIT
FETUSDT,2024-02,16.21231535169522,6.499999999999995,TAKE_PROFIT
DOGEUSDT,2024-02,2.0364101866940523,1.2661185299798428,MONTH_END
BONKUSDT,2024-03,-8.72384789031734,-2.200000000000002,STOP_LOSS
PENDLEUSDT,2024-03,-8.660198696109589,-2.200000000000002,STOP_LOSS
BONKUSDT,2024-03,24.207381206506202,6.499999999999995,TAKE_PROFIT
BONKUSDT,2024-03,-4.055399776592972,-2.199999999999991,STOP_LOSS
INJUSDT,2024-03,1.2713089199440835,0.8000000000000007,TRAILING_LOCK
HBARUSDT,2024-03,2.814493451148073,0.8114012992701758,TRAILING_LOCK
DOGEUSDT,2024-03,-4.255692725091657,-1.5466667611150564,STALL_EXIT
FILUSDT,2024-03,-8.742803222912642,-2.200000000000002,STOP_LOSS
DOGEUSDT,2024-03,-8.679015730598262,-2.200000000000002,STOP_LOSS
SEIUSDT,2024-03,-4.011666172967245,-2.200000000000002,STOP_LOSS
ORDIUSDT,2024-03,18.858668076305403,6.499999999999995,TAKE_PROFIT
DOGEUSDT,2024-03,13.084884875349383,6.499999999999995,TAKE_PROFIT
SEIUSDT,2024-03,-6.835063747888516,-2.200000000000002,STOP_LOSS
ADAUSDT,2024-03,16.614903072602175,6.499999999999995,TAKE_PROFIT
BONKUSDT,2024-03,6.707123694308183,1.8000000000000016,TRAILING_LOCK
ORDIUSDT,2024-03,25.17252028723297,6.499999999999995,TAKE_PROFIT
GALAUSDT,2024-03,-2.1422260294718543,-0.9208894772266829,STALL_EXIT
ENSUSDT,2024-03,20.210964592203727,6.499999999999995,TAKE_PROFIT
BONKUSDT,2024-03,-7.309555259579352,-2.200000000000013,STOP_LOSS
DOGEUSDT,2024-03,-4.969561953440713,-2.200000000000002,STOP_LOSS
TRXUSDT,2024-03,-2.287393245137113,-0.7780685951837119,STALL_EXIT
ICPUSDT,2024-03,-9.148984524218527,-2.200000000000002,STOP_LOSS
BONKUSDT,2024-03,-4.22889793866964,-2.200000000000002,STOP_LOSS
ENSUSDT,2024-03,5.5978360109618714,2.1318942298389043,TRAILING_LOCK
FETUSDT,2024-03,-9.092221305305275,-2.200000000000002,STOP_LOSS
RENDERUSDT,2024-03,17.405934081868804,6.499999999999995,TAKE_PROFIT
BONKUSDT,2024-03,7.635253133934225,1.9819566144108292,TRAILING_LOCK
BONKUSDT,2024-03,25.929436599551128,6.499999999999995,TAKE_PROFIT
FETUSDT,2024-03,-9.397766130018624,-2.200000000000013,STOP_LOSS
JUPUSDT,2024-03,3.2980403393973377,1.2655482940947538,TRAILING_LOCK
JUPUSDT,2024-03,1.172817649680438,0.49999999999998934,TRAILING_LOCK
APTUSDT,2024-03,-3.4619031817114347,-0.7660681762991062,STALL_EXIT
BONKUSDT,2024-03,7.043370852494111,1.8000000000000016,TRAILING_LOCK
SEIUSDT,2024-03,1.7293591730115034,0.49999999999998934,TRAILING_LOCK
JUPUSDT,2024-03,-6.382604203942914,-2.199999999999991,STOP_LOSS
ICPUSDT,2024-03,4.441772897751172,1.1626643691860394,TRAILING_LOCK
POLUSDT,2024-03,-6.359522498045558,-2.200000000000002,STOP_LOSS
BONKUSDT,2024-03,-5.323738133575417,-1.4456789570879813,STALL_EXIT
GALAUSDT,2024-03,22.292720113351766,6.499999999999995,TAKE_PROFIT
XRPUSDT,2024-03,-1.4296211543676185,-0.6738833458562632,STALL_EXIT
GALAUSDT,2024-03,26.618736331126716,6.499999999999995,TAKE_PROFIT
GALAUSDT,2024-03,-9.647593296373001,-2.200000000000002,STOP_LOSS
GALAUSDT,2024-03,-9.577204455682631,-2.200000000000002,STOP_LOSS
NEARUSDT,2024-03,26.77063740529513,6.499999999999995,TAKE_PROFIT
FILUSDT,2024-03,-9.702647742482997,-2.199999999999991,STOP_LOSS
OPUSDT,2024-03,-6.596558525977437,-2.200000000000013,STOP_LOSS
ORDIUSDT,2024-03,-9.583728733548355,-2.200000000000002,STOP_LOSS
RENDERUSDT,2024-03,-6.468170209973042,-2.200000000000002,STOP_LOSS
JUPUSDT,2024-03,26.788874363468246,6.499999999999995,TAKE_PROFIT
PENDLEUSDT,2024-03,-4.466057368457691,-2.200000000000002,STOP_LOSS
ENSUSDT,2024-03,-6.568967935813935,-2.200000000000002,STOP_LOSS
VETUSDT,2024-03,-9.662065706212232,-2.199999999999991,STOP_LOSS
PENDLEUSDT,2024-03,-4.396258489795733,-2.199999999999991,STOP_LOSS
ICPUSDT,2024-03,3.297726084150969,1.2427687781217722,TRAILING_LOCK
DOGEUSDT,2024-03,-3.911690418977162,-1.3009625289701954,STALL_EXIT
JUPUSDT,2024-03,-2.851100323123096,-0.9310051147865872,STALL_EXIT
PENDLEUSDT,2024-03,12.308959142161822,6.499999999999995,TAKE_PROFIT
JUPUSDT,2024-03,14.105802991708384,6.499999999999995,TAKE_PROFIT
PENDLEUSDT,2024-03,13.78345822045729,6.499999999999995,TAKE_PROFIT
TRXUSDT,2024-03,21.12830137490461,5.144895868735189,MONTH_END
JUPUSDT,2024-04,-9.901141819050306,-2.200000000000002,STOP_LOSS
ENAUSDT,2024-04,1.8105874110096978,0.49999999999998934,TRAILING_LOCK
ENAUSDT,2024-04,27.713318561777584,6.499999999999995,TAKE_PROFIT
ENAUSDT,2024-04,1.8502675406371183,0.49999999999998934,TRAILING_LOCK
ENAUSDT,2024-04,28.320672874665593,6.499999999999995,TAKE_PROFIT
ENAUSDT,2024-04,28.90249277820268,6.499999999999995,TAKE_PROFIT
ENAUSDT,2024-04,7.90242629509679,1.8000000000000016,TRAILING_LOCK
ENAUSDT,2024-04,-10.532965377144825,-2.200000000000002,STOP_LOSS
ENAUSDT,2024-04,29.44222379493652,6.499999999999995,TAKE_PROFIT
ENAUSDT,2024-04,1.9656971391033045,0.49999999999998934,TRAILING_LOCK
ENAUSDT,2024-04,-10.685269052887893,-2.199999999999991,STOP_LOSS
ENAUSDT,2024-04,1.9539780344511657,0.49999999999998934,TRAILING_LOCK
ENAUSDT,2024-04,1.9566041809294603,0.49999999999998934,TRAILING_LOCK
ENAUSDT,2024-04,29.948288956215645,6.499999999999995,TAKE_PROFIT
JUPUSDT,2024-04,-7.379564328695596,-2.200000000000002,STOP_LOSS
PENDLEUSDT,2024-04,-4.875189508915816,-0.944053819807622,STALL_EXIT
JUPUSDT,2024-04,30.311784941692277,6.499999999999995,TAKE_PROFIT
PENDLEUSDT,2024-04,20.608133851878208,6.499999999999995,TAKE_PROFIT
PENDLEUSDT,2024-04,-11.13644469746466,-2.199999999999991,STOP_LOSS
ENAUSDT,2024-04,31.129096633522632,6.499999999999995,TAKE_PROFIT
PENDLEUSDT,2024-04,-7.670527402654291,-2.200000000000002,STOP_LOSS
ENAUSDT,2024-04,-6.512839521965617,-1.8701150167569347,STALL_EXIT
ENAUSDT,2024-04,21.307207227900882,6.499999999999995,TAKE_PROFIT
PENDLEUSDT,2024-04,-7.72250294150705,-2.200000000000002,STOP_LOSS
APTUSDT,2024-04,31.768612794761736,6.499999999999995,TAKE_PROFIT
ENAUSDT,2024-04,7.624741916914093,1.5904104125688656,TRAILING_LOCK
ENAUSDT,2024-04,32.56561094871873,6.499999999999995,TAKE_PROFIT
PENDLEUSDT,2024-04,-8.024499204301458,-2.200000000000002,STOP_LOSS
APTUSDT,2024-04,-6.649235870793409,-1.2044458599430818,STALL_EXIT
ENAUSDT,2024-04,2.1545072105295575,0.49999999999998934,TRAILING_LOCK
ENAUSDT,2024-04,2.157402868220471,0.49999999999998934,TRAILING_LOCK
TRXUSDT,2024-04,-5.490660309699966,-0.9874789377662396,STALL_EXIT
VETUSDT,2024-04,3.6907250918043326,0.8000000000000007,TRAILING_LOCK
ORDIUSDT,2024-04,-4.272837258155749,-1.146055120478917,STALL_EXIT
ORDIUSDT,2024-04,3.68938390537303,0.8000000000000007,TRAILING_LOCK
PENDLEUSDT,2024-04,-11.709966778654895,-2.200000000000002,STOP_LOSS
JUPUSDT,2024-04,-7.961278533737669,-2.200000000000002,STOP_LOSS
JUPUSDT,2024-04,5.35241923884148,1.135079194269828,TRAILING_LOCK
ENAUSDT,2024-04,8.479748763587535,1.74591984884358,TRAILING_LOCK
ENAUSDT,2024-04,2.5049414808333315,0.8000000000000007,TRAILING_LOCK
NEARUSDT,2024-04,4.1243420043855465,1.2627422734653226,TRAILING_LOCK
HBARUSDT,2024-04,1.4701256208235356,0.49999999999998934,TRAILING_LOCK
HBARUSDT,2024-04,-7.991407978143187,-2.199999999999991,STOP_LOSS
HBARUSDT,2024-04,1.46136101733528,0.49999999999998934,TRAILING_LOCK
ALGOUSDT,2024-04,-7.943764755517176,-2.200000000000013,STOP_LOSS
HBARUSDT,2024-04,-7.885807047860906,-2.200000000000002,STOP_LOSS
ORDIUSDT,2024-04,-7.828272199639735,-2.200000000000013,STOP_LOSS
ENAUSDT,2024-04,-7.7711571256711345,-2.200000000000002,STOP_LOSS
ALGOUSDT,2024-04,21.722291780821017,6.499999999999995,TAKE_PROFIT
TRXUSDT,2024-04,32.85284318827237,6.499999999999995,TAKE_PROFIT
JUPUSDT,2024-04,-11.847689129312625,-2.200000000000002,STOP_LOSS
NEARUSDT,2024-05,33.1171994123287,6.499999999999995,TAKE_PROFIT
DOGEUSDT,2024-05,-6.271179260059248,-1.111239008192566,STALL_EXIT
TRXUSDT,2024-05,-4.141632069140624,-1.0771616991257837,STALL_EXIT
JUPUSDT,2024-05,26.31281833997488,6.499999999999995,TAKE_PROFIT
SEIUSDT,2024-05,2.1430444527423607,0.9522667237417126,TRAILING_LOCK
PENDLEUSDT,2024-05,-6.826016125200358,-1.2042209368373968,STALL_EXIT
FETUSDT,2024-05,-3.6479899339975788,-0.929482772820045,STALL_EXIT
ENAUSDT,2024-05,5.865958564547971,1.1891623735158063,TRAILING_LOCK
ENAUSDT,2024-05,8.889006841345225,1.754829713306627,TRAILING_LOCK
RENDERUSDT,2024-05,-9.53203567378016,-2.200000000000002,STOP_LOSS
ENAUSDT,2024-05,-9.462489941504217,-2.199999999999991,STOP_LOSS
ICPUSDT,2024-05,-4.62528977048899,-1.2018263865443801,STALL_EXIT
ENAUSDT,2024-05,33.77093814785523,6.499999999999995,TAKE_PROFIT
ENAUSDT,2024-05,-5.178953550440662,-0.8847220051552029,STALL_EXIT
TRXUSDT,2024-05,-5.800082418156489,-1.0037699937016975,STALL_EXIT
ORDIUSDT,2024-05,8.483123055977133,1.670623899123802,TRAILING_LOCK
DOTUSDT,2024-05,23.396742619185734,6.499999999999995,TAKE_PROFIT
JUPUSDT,2024-05,34.41345226628801,6.499999999999995,TAKE_PROFIT
GALAUSDT,2024-05,-12.643383052154931,-2.200000000000002,STOP_LOSS
ENAUSDT,2024-05,35.341359248591615,6.499999999999995,TAKE_PROFIT
RENDERUSDT,2024-05,-3.5616468606885707,-0.5539732044346768,STALL_EXIT
ENAUSDT,2024-05,-2.8259805967881135,-1.01047789055142,STALL_EXIT
TRXUSDT,2024-05,-4.084588074893103,-0.6485347386561591,STALL_EXIT
PENDLEUSDT,2024-05,24.47147706579186,6.499999999999995,TAKE_PROFIT
ENSUSDT,2024-05,7.700694831315875,1.4398801592728994,TRAILING_LOCK
ENAUSDT,2024-05,-5.616111820763878,-1.3787447804528785,STALL_EXIT
TIAUSDT,2024-05,-12.926335216276973,-2.200000000000002,STOP_LOSS
BONKUSDT,2024-05,-12.83202467453897,-2.199999999999991,STOP_LOSS
TIAUSDT,2024-05,-12.738402222513587,-2.200000000000002,STOP_LOSS
ORDIUSDT,2024-05,35.606961154449856,6.499999999999995,TAKE_PROFIT
ORDIUSDT,2024-05,-8.77391896320984,-2.200000000000002,STOP_LOSS
ENAUSDT,2024-05,-5.221078505239267,-0.8424197794518085,STALL_EXIT
PENDLEUSDT,2024-06,4.0430980190372265,0.8000000000000007,TRAILING_LOCK
BONKUSDT,2024-06,-12.832642170098019,-2.199999999999991,STOP_LOSS
ENAUSDT,2024-06,-5.888303235358081,-2.200000000000002,STOP_LOSS
JUPUSDT,2024-06,35.870384941375704,6.499999999999995,TAKE_PROFIT
OPUSDT,2024-06,24.387270350862977,6.499999999999995,TAKE_PROFIT
TIAUSDT,2024-06,-3.9156952124472744,-0.7965476538618455,STALL_EXIT
ENAUSDT,2024-06,3.118464175250787,0.8000000000000007,TRAILING_LOCK
TIAUSDT,2024-06,4.146277076142546,0.8000000000000007,TRAILING_LOCK
ORDIUSDT,2024-06,25.135527720774522,6.499999999999995,TAKE_PROFIT
GALAUSDT,2024-06,3.600211662954875,0.8000000000000007,TRAILING_LOCK
RENDERUSDT,2024-06,2.447683103716466,0.8000000000000007,TRAILING_LOCK
TRXUSDT,2024-06,1.9165168040274931,0.8000000000000007,TRAILING_LOCK
RENDERUSDT,2024-06,-13.40162580240279,-2.200000000000002,STOP_LOSS
BONKUSDT,2024-06,-6.149383386939984,-2.200000000000002,STOP_LOSS
SEIUSDT,2024-06,-3.7588313159328512,-0.8675088359697214,STALL_EXIT
CRVUSDT,2024-06,7.308770976228435,1.332569812981621,TRAILING_LOCK
CRVUSDT,2024-06,-13.284881999118815,-2.200000000000002,STOP_LOSS
ORDIUSDT,2024-06,37.13450627646575,6.499999999999995,TAKE_PROFIT
NEARUSDT,2024-06,-9.15032168556171,-2.200000000000002,STOP_LOSS
ENAUSDT,2024-06,2.3406521426495472,0.9378437764615111,TRAILING_LOCK
ENSUSDT,2024-06,2.8738857904978827,0.8000000000000007,TRAILING_LOCK
ORDIUSDT,2024-06,2.880507223359187,0.8000000000000007,TRAILING_LOCK
ORDIUSDT,2024-06,2.887143912001793,0.8000000000000007,TRAILING_LOCK
BONKUSDT,2024-06,-9.163686989987694,-2.200000000000002,STOP_LOSS
FILUSDT,2024-06,1.147656300231505,0.49999999999998934,TRAILING_LOCK
ENSUSDT,2024-06,25.638332032053953,6.499999999999995,TAKE_PROFIT
ICPUSDT,2024-06,17.430784075296543,6.499999999999995,TAKE_PROFIT
ORDIUSDT,2024-06,1.7351589502199682,0.49999999999998934,TRAILING_LOCK
TRXUSDT,2024-06,4.250175428793591,0.8000000000000007,TRAILING_LOCK
ORDIUSDT,2024-06,-13.771670473108358,-2.199999999999991,STOP_LOSS
JUPUSDT,2024-06,1.7247582114539588,0.49999999999998934,TRAILING_LOCK
PENDLEUSDT,2024-06,26.19589851062906,6.499999999999995,TAKE_PROFIT
ENSUSDT,2024-06,17.809857912218387,6.499999999999995,TAKE_PROFIT
PENDLEUSDT,2024-06,21.03263285590876,6.499999999999995,TAKE_PROFIT
JUPUSDT,2024-06,18.718267980341796,6.499999999999995,TAKE_PROFIT
FETUSDT,2024-06,-6.921056426875929,-1.5338713539931104,STALL_EXIT
ORDIUSDT,2024-06,3.6742602149909294,1.1690937807542268,TRAILING_LOCK
ALGOUSDT,2024-06,2.7723039769796576,1.0117051192760185,TRAILING_LOCK
XRPUSDT,2024-06,-9.403936692474357,-1.4868902606640866,STALL_EXIT
ENAUSDT,2024-06,4.491407922680674,0.8000000000000007,TRAILING_LOCK
FETUSDT,2024-06,40.14065879493317,6.499999999999995,TAKE_PROFIT
ENAUSDT,2024-06,-14.54842731392731,-2.200000000000002,STOP_LOSS
PENDLEUSDT,2024-06,-5.016036158319642,-1.0762514793787092,STALL_EXIT
ENSUSDT,2024-06,4.748981658454106,0.8316253610965996,TRAILING_LOCK
ENSUSDT,2024-06,4.560105334299156,0.8000000000000007,TRAILING_LOCK
ETHUSDT,2024-06,6.864416372713458,1.1613387761311156,MONTH_END
XRPUSDT,2024-06,2.3964582276304007,0.6352657244605986,MONTH_END
FETUSDT,2024-07,-14.541171428216991,-2.200000000000002,STOP_LOSS
BONKUSDT,2024-07,4.558446013097891,0.8000000000000007,TRAILING_LOCK
RENDERUSDT,2024-07,-7.2806785041123865,-1.0673292651040556,STALL_EXIT
RENDERUSDT,2024-08,-14.415217633222309,-2.200000000000002,STOP_LOSS
ORDIUSDT,2024-08,-14.310044205370298,-2.200000000000002,STOP_LOSS
PENDLEUSDT,2024-08,2.616828075261433,0.49999999999998934,TRAILING_LOCK
TIAUSDT,2024-08,-6.575039375396736,-2.200000000000002,STOP_LOSS
XRPUSDT,2024-08,40.05384640926043,6.499999999999995,TAKE_PROFIT
XLMUSDT,2024-08,-4.344114719951059,-0.9441532089632387,STALL_EXIT
INJUSDT,2024-08,-5.8698174438471575,-0.8469867879081772,STALL_EXIT
ORDIUSDT,2024-08,-3.90043355336513,-0.5378058564750265,STALL_EXIT
ORDIUSDT,2024-08,27.50195744064116,6.499999999999995,TAKE_PROFIT
GALAUSDT,2024-08,18.697810809083574,6.499999999999995,TAKE_PROFIT
PENDLEUSDT,2024-08,40.45166949167067,6.499999999999995,TAKE_PROFIT
OPUSDT,2024-08,42.23183662862992,6.499999999999995,TAKE_PROFIT
FETUSDT,2024-08,-6.186953640001597,-0.8415951639969221,STALL_EXIT
SEIUSDT,2024-08,15.580633331392637,2.407721964678644,TRAILING_LOCK
FETUSDT,2024-08,43.29243123590842,6.499999999999995,TAKE_PROFIT
PENDLEUSDT,2024-08,-15.690743699460924,-2.199999999999991,STOP_LOSS
ENAUSDT,2024-09,4.918820221083106,0.8000000000000007,TRAILING_LOCK
ORDIUSDT,2024-09,-15.612151745762763,-2.200000000000002,STOP_LOSS
ENAUSDT,2024-09,43.639796501814196,6.499999999999995,TAKE_PROFIT
TRXUSDT,2024-09,39.772601429501236,5.813298791172006,MONTH_END
PENDLEUSDT,2024-10,45.3534208049152,6.499999999999995,TAKE_PROFIT
APTUSDT,2024-10,46.28516148193141,6.499999999999995,TAKE_PROFIT
TIAUSDT,2024-10,47.2360438394162,6.499999999999995,TAKE_PROFIT
GALAUSDT,2024-10,16.502219116384673,3.3125479167959604,TRAILING_LOCK
APTUSDT,2024-10,22.282276632824356,6.499999999999995,TAKE_PROFIT
CRVUSDT,2024-10,-7.737420664648286,-0.9504477762682373,STALL_EXIT
RENDERUSDT,2024-10,48.84429223459036,6.499999999999995,TAKE_PROFIT
ENAUSDT,2024-10,-12.035732564279106,-2.200000000000002,STOP_LOSS
PENDLEUSDT,2024-10,-11.94791985949016,-2.200000000000002,STOP_LOSS
ENAUSDT,2024-10,5.085759419686425,1.5074838476058172,TRAILING_LOCK
JUPUSDT,2024-10,-5.178293129525923,-0.9123225478176566,STALL_EXIT
ENAUSDT,2024-10,3.745286119025743,0.8000000000000007,TRAILING_LOCK
TIAUSDT,2024-10,3.753915258244028,0.8000000000000007,TRAILING_LOCK
TRXUSDT,2024-10,49.84774937425778,6.499999999999995,TAKE_PROFIT
ENAUSDT,2024-10,-17.945682528762557,-2.199999999999991,STOP_LOSS
TIAUSDT,2024-10,27.31904022676899,3.576395336359317,TRAILING_LOCK
ETHUSDT,2024-11,-8.562592623084633,-1.0037479030743923,STALL_EXIT
SEIUSDT,2024-11,-17.95159787074923,-2.200000000000002,STOP_LOSS
DOGEUSDT,2024-11,3.282746344441774,0.49999999999998934,TRAILING_LOCK
ENAUSDT,2024-11,-17.844573930013276,-2.200000000000002,STOP_LOSS
DOGEUSDT,2024-11,33.91199122977414,6.499999999999995,TAKE_PROFIT
TIAUSDT,2024-11,49.87996450769286,6.499999999999995,TAKE_PROFIT
BONKUSDT,2024-11,-3.750206057559193,-0.9642625716482667,STALL_EXIT
ENSUSDT,2024-11,-18.298364524284565,-2.200000000000013,STOP_LOSS
GALAUSDT,2024-11,-12.440545685854364,-2.200000000000002,STOP_LOSS
DOGEUSDT,2024-11,-18.074093435391326,-2.200000000000002,STOP_LOSS
RENDERUSDT,2024-11,50.52152786622303,6.499999999999995,TAKE_PROFIT
NEARUSDT,2024-11,51.55944213470671,6.499999999999995,TAKE_PROFIT
BONKUSDT,2024-11,35.053821043007346,6.499999999999995,TAKE_PROFIT
APTUSDT,2024-11,-18.942760285143322,-2.200000000000002,STOP_LOSS
CRVUSDT,2024-11,-18.804553906102917,-2.200000000000002,STOP_LOSS
HBARUSDT,2024-11,-12.784689673249957,-2.200000000000002,STOP_LOSS
VETUSDT,2024-11,-8.691952537531822,-2.200000000000002,STOP_LOSS
FETUSDT,2024-11,3.409858844595653,0.49999999999998934,TRAILING_LOCK
APTUSDT,2024-11,3.4144416948828207,0.49999999999998934,TRAILING_LOCK
DOGEUSDT,2024-11,3.419030704520746,0.49999999999998934,TRAILING_LOCK
DOGEUSDT,2024-11,-18.585397643990284,-2.200000000000002,STOP_LOSS
ENAUSDT,2024-11,-18.449798582779763,-2.200000000000002,STOP_LOSS
POLUSDT,2024-11,35.31985938004374,6.499999999999995,TAKE_PROFIT
OPUSDT,2024-11,2.6930448713752146,0.8000000000000007,TRAILING_LOCK
XLMUSDT,2024-11,52.35265308384153,6.499999999999995,TAKE_PROFIT
HBARUSDT,2024-11,-18.974495958637895,-2.200000000000002,STOP_LOSS
XLMUSDT,2024-11,53.0383739438217,6.499999999999995,TAKE_PROFIT
HBARUSDT,2024-11,-13.069197141114467,-2.200000000000002,STOP_LOSS
RENDERUSDT,2024-11,2.38991868293178,0.49999999999998934,TRAILING_LOCK
XRPUSDT,2024-11,30.344799403808324,3.679128596922765,TRAILING_LOCK
FETUSDT,2024-11,-8.820553457497935,-2.200000000000013,STOP_LOSS
PENDLEUSDT,2024-11,-10.167574988241718,-2.200000000000002,STOP_LOSS
ADAUSDT,2024-11,-13.287874070159294,-2.200000000000002,STOP_LOSS
BONKUSDT,2024-11,53.86892456474391,6.499999999999995,TAKE_PROFIT
HBARUSDT,2024-11,54.97560775100198,6.499999999999995,TAKE_PROFIT
HBARUSDT,2024-11,-19.925149646656774,-2.200000000000002,STOP_LOSS
ENAUSDT,2024-11,3.643642902206321,0.49999999999998934,TRAILING_LOCK
ENAUSDT,2024-11,-19.80635977344915,-2.199999999999991,STOP_LOSS
POLUSDT,2024-11,-9.694268426252687,-1.0441530740965321,STALL_EXIT
PENDLEUSDT,2024-11,-3.9687824892956667,-0.9156653614762145,STALL_EXIT
INJUSDT,2024-11,-6.862605302479713,-1.090502316840447,STALL_EXIT
XRPUSDT,2024-11,-10.238014484341267,-1.116317984888271,STALL_EXIT
BONKUSDT,2024-11,10.463025241925513,1.3073090295809386,TRAILING_LOCK
ORDIUSDT,2024-11,-19.513739063262793,-2.200000000000013,STOP_LOSS
ENAUSDT,2024-11,-13.26684480441857,-2.200000000000002,STOP_LOSS
CRVUSDT,2024-11,40.6399148337262,6.499999999999995,TAKE_PROFIT
TIAUSDT,2024-11,42.5867837172995,6.499999999999995,TAKE_PROFIT
RENDERUSDT,2024-11,-11.883348124628771,-1.282755988651496,STALL_EXIT
PENDLEUSDT,2024-11,4.268549997869602,0.8000000000000007,TRAILING_LOCK
ALGOUSDT,2024-11,-9.189880809813296,-2.200000000000002,STOP_LOSS
RENDERUSDT,2024-11,-16.88429818497563,-2.200000000000002,STOP_LOSS
HBARUSDT,2024-11,-9.076268088819726,-2.199999999999991,STOP_LOSS
ADAUSDT,2024-11,16.02922595497866,1.9412057842743025,TRAILING_LOCK
XRPUSDT,2024-11,6.493020605945454,1.1889231968282399,TRAILING_LOCK
VETUSDT,2024-11,55.56707386235592,6.499999999999995,TAKE_PROFIT
NEARUSDT,2024-11,-13.692294632395956,-2.200000000000002,STOP_LOSS
SEIUSDT,2024-11,-20.139518368745836,-2.200000000000002,STOP_LOSS
PENDLEUSDT,2024-11,-9.30900773631629,-2.200000000000002,STOP_LOSS
FETUSDT,2024-11,1.954901351448009,0.49999999999998934,TRAILING_LOCK
DOTUSDT,2024-11,55.862520299917925,6.499999999999995,TAKE_PROFIT
DOTUSDT,2024-11,-20.24659884901373,-2.200000000000002,STOP_LOSS
BONKUSDT,2024-11,-9.358503111576589,-2.200000000000002,STOP_LOSS
POLUSDT,2024-11,-13.765095652676623,-2.200000000000002,STOP_LOSS
XLMUSDT,2024-11,3.671347084489117,0.49999999999998934,TRAILING_LOCK
XLMUSDT,2024-11,-19.956956035555713,-2.200000000000002,STOP_LOSS
XLMUSDT,2024-11,14.945404449575049,1.8000000000000016,TRAILING_LOCK
DOTUSDT,2024-11,3.6695458496391224,0.49999999999998934,TRAILING_LOCK
ALGOUSDT,2024-11,-9.207721732176239,-2.200000000000002,STOP_LOSS
XLMUSDT,2024-11,27.620189277004336,4.729823487759743,TRAILING_LOCK
FILUSDT,2024-11,-15.54439037274096,-2.200000000000013,STOP_LOSS
POLUSDT,2024-11,1.7002206448459098,0.49999999999998934,TRAILING_LOCK
PENDLEUSDT,2024-11,56.22593834327233,6.499999999999995,TAKE_PROFIT
SEIUSDT,2024-11,-16.04474326728799,-2.200000000000002,STOP_LOSS
BONKUSDT,2024-11,-8.22881874677187,-1.302001953631804,STALL_EXIT
ICPUSDT,2024-11,10.873304436501689,1.3064569436583406,TRAILING_LOCK
HBARUSDT,2024-11,-20.292951229442455,-2.200000000000013,STOP_LOSS
ENSUSDT,2024-11,-13.695949276531502,-2.200000000000002,STOP_LOSS
XRPUSDT,2024-11,53.06027843752743,6.085364718955288,MONTH_END
HBARUSDT,2024-12,57.532480850076695,6.499999999999995,TAKE_PROFIT
TIAUSDT,2024-12,16.340823357843608,1.8667513878050102,TRAILING_LOCK
DOGEUSDT,2024-12,-14.257647130945086,-2.200000000000002,STOP_LOSS
BONKUSDT,2024-12,-20.97107563033199,-2.200000000000002,STOP_LOSS
GALAUSDT,2024-12,39.853623608160746,6.499999999999995,TAKE_PROFIT
DOTUSDT,2024-12,3.070468788761238,0.807519678434443,TRAILING_LOCK
GALAUSDT,2024-12,40.254016173009106,6.499999999999995,TAKE_PROFIT
FILUSDT,2024-12,27.367578483576022,6.499999999999995,TAKE_PROFIT
ALGOUSDT,2024-12,-14.789185982412041,-2.199999999999991,STOP_LOSS
HBARUSDT,2024-12,41.33940517681132,6.499999999999995,TAKE_PROFIT
POLUSDT,2024-12,59.20822768551893,6.499999999999995,TAKE_PROFIT
HBARUSDT,2024-12,4.07957823188695,0.49999999999998934,TRAILING_LOCK
PENDLEUSDT,2024-12,-10.25034382779951,-2.200000000000002,STOP_LOSS
JUPUSDT,2024-12,7.002962031481209,0.8000000000000007,TRAILING_LOCK
ICPUSDT,2024-12,-16.37475862543954,-2.396272736772509,STALL_EXIT
JUPUSDT,2024-12,-17.325824322724582,-2.200000000000002,STOP_LOSS
PENDLEUSDT,2024-12,-11.77934283393942,-2.200000000000002,STOP_LOSS
ALGOUSDT,2024-12,2.732794239703215,0.49999999999998934,TRAILING_LOCK
CRVUSDT,2024-12,61.44202430714954,6.499999999999995,TAKE_PROFIT
TRXUSDT,2024-12,3.5110407308283156,0.49999999999998934,TRAILING_LOCK
TRXUSDT,2024-12,-19.08555194909755,-2.200000000000002,STOP_LOSS
XRPUSDT,2024-12,-4.581967810736875,-0.955779318584904,STALL_EXIT
HBARUSDT,2024-12,-11.952859037418646,-2.200000000000002,STOP_LOSS
XRPUSDT,2024-12,2.1857778117149302,0.49999999999998934,TRAILING_LOCK
ICPUSDT,2024-12,-18.250201151162983,-2.1162309454754613,STALL_EXIT
PENDLEUSDT,2024-12,-3.52056098071326,-0.5431535404762822,STALL_EXIT
CRVUSDT,2024-12,-14.897076310422374,-2.200000000000013,STOP_LOSS
VETUSDT,2024-12,6.919449377973808,0.8000000000000007,TRAILING_LOCK
ALGOUSDT,2024-12,3.1983489679956203,0.8000000000000007,TRAILING_LOCK
PENDLEUSDT,2024-12,-21.876720084888298,-2.200000000000002,STOP_LOSS
ORDIUSDT,2024-12,-14.873369437553153,-2.200000000000002,STOP_LOSS
XRPUSDT,2024-12,14.69364441948262,3.3930489452013157,TRAILING_LOCK
RENDERUSDT,2024-12,-12.220097285315155,-1.20302096202759,STALL_EXIT
HBARUSDT,2024-12,-13.603456313434329,-1.3541517056704255,STALL_EXIT
POLUSDT,2024-12,-21.52738761436072,-2.200000000000013,STOP_LOSS
BONKUSDT,2024-12,6.500108973967853,1.1000400566439916,TRAILING_LOCK
ICPUSDT,2024-12,9.551606588220858,2.284681511107012,TRAILING_LOCK
ALGOUSDT,2024-12,24.885032591886482,2.7349843070026303,TRAILING_LOCK
DOTUSDT,2024-12,-11.414311463743838,-2.199999999999991,STOP_LOSS
DOTUSDT,2024-12,3.976316748603381,0.49999999999998934,TRAILING_LOCK
BONKUSDT,2024-12,32.38490063042108,6.499999999999995,TAKE_PROFIT
HBARUSDT,2024-12,47.63382023442796,6.499999999999995,TAKE_PROFIT
APTUSDT,2024-12,41.32319242774287,6.499999999999995,TAKE_PROFIT
ENSUSDT,2024-12,63.35537944661954,6.499999999999995,TAKE_PROFIT
PENDLEUSDT,2024-12,7.251246993865912,0.8000000000000007,TRAILING_LOCK
POLUSDT,2024-12,-7.793618383476852,-1.0582345896201328,STALL_EXIT
TIAUSDT,2024-12,-15.87787907504634,-1.49683821804516,STALL_EXIT
BONKUSDT,2024-12,29.7301941494021,6.499999999999995,TAKE_PROFIT
GALAUSDT,2024-12,43.72910511008274,6.499999999999995,TAKE_PROFIT
TIAUSDT,2024-12,-11.436494557406991,-1.0615226188687488,STALL_EXIT
ENSUSDT,2024-12,-23.29499838295823,-2.200000000000002,STOP_LOSS
CRVUSDT,2024-12,65.11523878944492,6.499999999999995,TAKE_PROFIT
CRVUSDT,2024-12,4.347390315756415,0.49999999999998934,TRAILING_LOCK
GALAUSDT,2024-12,-11.546944025188168,-1.5608185675271447,STALL_EXIT
TIAUSDT,2024-12,-6.975802482457036,-1.3780100617452162,STALL_EXIT
APTUSDT,2024-12,-23.49669545818791,-2.200000000000002,STOP_LOSS
CRVUSDT,2024-12,-15.974745334549146,-2.200000000000002,STOP_LOSS
INJUSDT,2024-12,-10.860782060090617,-2.200000000000002,STOP_LOSS
APTUSDT,2024-12,4.260692129520342,0.49999999999998934,TRAILING_LOCK
ENAUSDT,2024-12,65.2152542103495,6.499999999999995,TAKE_PROFIT
CRVUSDT,2024-12,-18.219513326032246,-1.6774819561769183,STALL_EXIT
PENDLEUSDT,2024-12,-23.503438495522722,-2.200000000000002,STOP_LOSS
OPUSDT,2024-12,-23.331957408259296,-2.200000000000002,STOP_LOSS
VETUSDT,2025-01,7.3142297201080595,0.8000000000000007,TRAILING_LOCK
BONKUSDT,2025-01,-10.567412844974163,-0.9578464671583964,STALL_EXIT
NEARUSDT,2025-01,-6.113813431420419,-0.8031804823501965,STALL_EXIT
DOGEUSDT,2025-01,-4.36897914913589,-0.848303734916489,STALL_EXIT
ALGOUSDT,2025-01,8.119940980252037,0.8827863579189188,TRAILING_LOCK
ENAUSDT,2025-01,7.301290376101157,0.8000000000000007,TRAILING_LOCK
ENAUSDT,2025-01,-23.174023072237922,-2.200000000000002,STOP_LOSS
XRPUSDT,2025-01,64.77708309972635,6.499999999999995,TAKE_PROFIT
XLMUSDT,2025-01,-14.45865732574264,-1.3241382541184454,STALL_EXIT
POLUSDT,2025-01,44.94488537002298,6.4999999999999725,TAKE_PROFIT
RENDERUSDT,2025-01,30.5567691062883,6.499999999999995,TAKE_PROFIT
HBARUSDT,2025-01,9.084450311303543,0.9458031365987773,TRAILING_LOCK
VETUSDT,2025-01,5.136167174148621,0.8000000000000007,TRAILING_LOCK
HBARUSDT,2025-01,67.65407919400946,6.499999999999995,TAKE_PROFIT
JUPUSDT,2025-01,-24.52028649238243,-2.200000000000013,STOP_LOSS
BONKUSDT,2025-01,68.54021983127176,6.499999999999995,TAKE_PROFIT
JUPUSDT,2025-01,4.576057670582992,0.49999999999998934,TRAILING_LOCK
JUPUSDT,2025-01,7.855213529301225,0.8000000000000007,TRAILING_LOCK
JUPUSDT,2025-01,4.592765299075664,0.49999999999998934,TRAILING_LOCK
CRVUSDT,2025-01,-16.973455436595152,-2.200000000000002,STOP_LOSS
ORDIUSDT,2025-01,-24.965663296319256,-2.200000000000002,STOP_LOSS
BONKUSDT,2025-01,4.542571800060557,0.49999999999998934,TRAILING_LOCK
ENAUSDT,2025-01,7.797732028388567,0.8000000000000007,TRAILING_LOCK
JUPUSDT,2025-01,-16.82663507016395,-2.199999999999991,STOP_LOSS
FETUSDT,2025-01,-9.63510912835918,-0.8076083197907313,STALL_EXIT
RENDERUSDT,2025-01,-24.556645457103873,-2.200000000000002,STOP_LOSS
ENAUSDT,2025-01,-16.69537566021207,-2.199999999999991,STOP_LOSS
FETUSDT,2025-01,-24.255670711031918,-2.200000000000002,STOP_LOSS
CRVUSDT,2025-01,67.80055376618658,6.499999999999995,TAKE_PROFIT
JUPUSDT,2025-02,-24.573374177802336,-2.200000000000002,STOP_LOSS
ENAUSDT,2025-02,4.493647575752625,0.49999999999998934,TRAILING_LOCK
FETUSDT,2025-02,68.78093043944664,6.499999999999995,TAKE_PROFIT
NEARUSDT,2025-02,-24.928698160999986,-2.200000000000002,STOP_LOSS
RENDERUSDT,2025-02,47.722911966956445,6.499999999999995,TAKE_PROFIT
HBARUSDT,2025-02,54.404390337217166,6.499999999999995,TAKE_PROFIT
ORDIUSDT,2025-02,-5.53903927746694,-0.8814094119754756,STALL_EXIT
DOTUSDT,2025-02,6.959303056003464,1.428753090279944,TRAILING_LOCK
OPUSDT,2025-02,7.089985282295126,1.0141985584334767,TRAILING_LOCK
ORDIUSDT,2025-02,-9.338371811814067,-0.7565505251540539,STALL_EXIT
ENAUSDT,2025-02,-6.052542301945432,-0.4614679476968697,STALL_EXIT
GALAUSDT,2025-02,71.63857761506459,6.499999999999995,TAKE_PROFIT
FETUSDT,2025-02,-8.78915432651791,-1.0785319318762698,STALL_EXIT
ORDIUSDT,2025-02,-5.321521608106968,-0.9517383952967862,STALL_EXIT
JUPUSDT,2025-02,4.763953418600945,0.49999999999998934,TRAILING_LOCK
BONKUSDT,2025-02,-17.6061143531353,-2.200000000000002,STOP_LOSS
JUPUSDT,2025-02,19.53574432341086,1.8000000000000016,TRAILING_LOCK
APTUSDT,2025-02,8.182199305158294,0.8000000000000007,TRAILING_LOCK
ORDIUSDT,2025-02,9.418582131267383,1.29904802780747,TRAILING_LOCK
ORDIUSDT,2025-02,-26.03871310102829,-2.200000000000002,STOP_LOSS
ENAUSDT,2025-02,-25.84873465024327,-2.200000000000002,STOP_LOSS
ENAUSDT,2025-02,72.25355853155654,6.499999999999995,TAKE_PROFIT
ORDIUSDT,2025-02,-26.18730424528132,-2.200000000000002,STOP_LOSS
ORDIUSDT,2025-02,-25.99624167350775,-2.200000000000002,STOP_LOSS
APTUSDT,2025-02,-25.806573094257818,-2.200000000000002,STOP_LOSS
ORDIUSDT,2025-02,-25.61828833696207,-2.200000000000002,STOP_LOSS
HBARUSDT,2025-02,4.684727398336418,0.49999999999998934,TRAILING_LOCK
ENAUSDT,2025-02,26.711748536659467,2.4715748821428685,TRAILING_LOCK
BONKUSDT,2025-02,11.897716481836955,1.6468164626854742,TRAILING_LOCK
DOGEUSDT,2025-02,7.704948939871256,1.5724408234642162,TRAILING_LOCK
ORDIUSDT,2025-03,72.65713087746235,6.499999999999995,TAKE_PROFIT
TIAUSDT,2025-03,74.14979897420884,6.499999999999995,TAKE_PROFIT
HBARUSDT,2025-03,50.41237212819327,6.499999999999995,TAKE_PROFIT
ADAUSDT,2025-03,-27.242379067839224,-2.200000000000002,STOP_LOSS
FETUSDT,2025-03,-27.04361867016029,-2.200000000000002,STOP_LOSS
FETUSDT,2025-03,75.59355267980725,6.499999999999995,TAKE_PROFIT
TIAUSDT,2025-03,26.835530365251948,2.313205664797935,TRAILING_LOCK
FETUSDT,2025-03,-27.593631018239478,-2.200000000000002,STOP_LOSS
XRPUSDT,2025-03,-27.392307886330563,-2.200000000000013,STOP_LOSS
FETUSDT,2025-03,5.009136190945656,0.49999999999998934,TRAILING_LOCK
ORDIUSDT,2025-03,-27.229000265641005,-2.200000000000002,STOP_LOSS
SEIUSDT,2025-03,76.11173974547893,6.499999999999995,TAKE_PROFIT
ORDIUSDT,2025-03,20.97040574388289,1.8132391041090212,TRAILING_LOCK
FETUSDT,2025-03,-13.243937803579039,-1.0085958575530296,STALL_EXIT
PENDLEUSDT,2025-03,5.091951244759054,0.49999999999998934,TRAILING_LOCK
BONKUSDT,2025-03,52.98835407649353,6.499999999999995,TAKE_PROFIT
TIAUSDT,2025-03,77.93872093054797,6.499999999999995,TAKE_PROFIT
ENAUSDT,2025-03,9.042447113214209,0.8000000000000007,TRAILING_LOCK
ICPUSDT,2025-03,-28.700389552649426,-2.200000000000002,STOP_LOSS
NEARUSDT,2025-03,-13.266064435558983,-2.200000000000002,STOP_LOSS
RENDERUSDT,2025-03,-19.512591245938907,-2.200000000000002,STOP_LOSS
JUPUSDT,2025-03,-28.251838438621185,-2.200000000000013,STOP_LOSS
BONKUSDT,2025-04,20.508519584060476,1.747257473873276,TRAILING_LOCK
JUPUSDT,2025-04,-15.316398586564475,-1.7514618027382856,STALL_EXIT
BONKUSDT,2025-04,51.326660787368134,4.247015927907816,TRAILING_LOCK
CRVUSDT,2025-04,-28.458074057275294,-2.200000000000002,STOP_LOSS
FILUSDT,2025-04,-19.34784772546784,-2.200000000000002,STOP_LOSS
ETHUSDT,2025-04,-11.94326001854645,-0.8887416701700679,STALL_EXIT
ENAUSDT,2025-04,3.5094815191255213,0.49999999999998934,TRAILING_LOCK
OPUSDT,2025-04,-12.952561762299489,-2.200000000000002,STOP_LOSS
ADAUSDT,2025-04,-14.740807068623933,-1.119374326398992,STALL_EXIT
ORDIUSDT,2025-04,5.978371784976176,0.8000000000000007,TRAILING_LOCK
CRVUSDT,2025-04,78.40762439994205,6.499999999999995,TAKE_PROFIT
RENDERUSDT,2025-04,80.14125030556498,6.499999999999995,TAKE_PROFIT
PENDLEUSDT,2025-04,9.347124425843,0.8137112945640901,TRAILING_LOCK
FETUSDT,2025-04,-13.457378013852365,-2.200000000000002,STOP_LOSS
GALAUSDT,2025-04,55.73570224217909,6.499999999999995,TAKE_PROFIT
TIAUSDT,2025-04,56.60426813512581,6.499999999999995,TAKE_PROFIT
CRVUSDT,2025-04,-20.515435106059492,-2.200000000000002,STOP_LOSS
ENAUSDT,2025-04,-7.14372270600382,-0.9443409516566192,STALL_EXIT
ENSUSDT,2025-04,-6.970146133946119,-1.0593806583662158,STALL_EXIT
PENDLEUSDT,2025-04,57.055721799426976,6.499999999999995,TAKE_PROFIT
GALAUSDT,2025-04,-5.260899874541103,-0.7907003220319453,STALL_EXIT
BONKUSDT,2025-04,6.518107807968444,0.8000000000000007,TRAILING_LOCK
ENAUSDT,2025-04,-20.68823083980031,-2.200000000000002,STOP_LOSS
GALAUSDT,2025-04,-14.06534887751674,-2.200000000000002,STOP_LOSS
ENAUSDT,2025-04,9.01588743301958,1.5596144729829398,TRAILING_LOCK
ORDIUSDT,2025-04,-13.958739008199188,-2.200000000000002,STOP_LOSS
POLUSDT,2025-04,-6.42178471135644,-0.6365112065652601,STALL_EXIT
ENAUSDT,2025-04,-13.856896048395349,-2.200000000000002,STOP_LOSS
TRXUSDT,2025-04,23.549073189533974,1.924176678410272,MONTH_END
ENAUSDT,2025-05,-17.060645948569974,-1.2278230406623014,STALL_EXIT
GALAUSDT,2025-05,9.353144232781037,0.8000000000000007,TRAILING_LOCK
TIAUSDT,2025-05,-6.194700354765477,-0.6214036366314679,STALL_EXIT
RENDERUSDT,2025-05,-16.05179173926605,-1.1546976377799334,STALL_EXIT
TRXUSDT,2025-05,-14.155076700362299,-1.0131220080770054,STALL_EXIT
TIAUSDT,2025-05,82.84318657476996,6.499999999999995,TAKE_PROFIT
OPUSDT,2025-05,56.32276294296209,6.499999999999995,TAKE_PROFIT
PENDLEUSDT,2025-05,-26.082839246875526,-2.200000000000002,STOP_LOSS
ETHUSDT,2025-05,38.292269487557434,6.499999999999995,TAKE_PROFIT
HBARUSDT,2025-05,5.623096230239984,0.49999999999998934,TRAILING_LOCK
INJUSDT,2025-05,-3.1181302683383634,-0.4238644509127032,STALL_EXIT
DOGEUSDT,2025-05,11.910885549100204,1.47941823994715,TRAILING_LOCK
RENDERUSDT,2025-05,-14.178872723891645,-1.4777161522748994,STALL_EXIT
ENAUSDT,2025-05,-23.98682889190798,-2.200000000000002,STOP_LOSS
FETUSDT,2025-05,4.208888705609851,0.49999999999998934,TRAILING_LOCK
DOGEUSDT,2025-05,-6.569700867520902,-0.4130063620881086,STALL_EXIT
DOGEUSDT,2025-05,66.79665750765572,6.499999999999995,TAKE_PROFIT
ENAUSDT,2025-05,58.16413254468167,6.499999999999995,TAKE_PROFIT
GALAUSDT,2025-05,6.708531057679615,0.8000000000000007,TRAILING_LOCK
ALGOUSDT,2025-05,4.560942427246744,0.8000000000000007,TRAILING_LOCK
JUPUSDT,2025-05,15.28641319183982,1.1954184185104078,TRAILING_LOCK
ENAUSDT,2025-05,-31.44034181710667,-2.200000000000002,STOP_LOSS
PENDLEUSDT,2025-05,-31.21095308320898,-2.200000000000002,STOP_LOSS
ORDIUSDT,2025-05,-21.219453094587468,-2.200000000000002,STOP_LOSS
ORDIUSDT,2025-05,-27.830425478153558,-1.9782750709177677,STALL_EXIT
ORDIUSDT,2025-05,-20.82133159033704,-2.200000000000002,STOP_LOSS
APTUSDT,2025-05,4.470265373995492,0.8000000000000007,TRAILING_LOCK
ADAUSDT,2025-05,9.671169491193792,0.8000000000000007,TRAILING_LOCK
RENDERUSDT,2025-05,6.537484487754464,0.8000000000000007,TRAILING_LOCK
ENSUSDT,2025-05,58.62649720708781,6.499999999999995,TAKE_PROFIT
ORDIUSDT,2025-05,-6.6315882931333565,-0.9881481236086342,STALL_EXIT
OPUSDT,2025-05,-14.48633722741222,-0.9985165841336796,STALL_EXIT
TRXUSDT,2025-05,-7.875120815501062,-0.9940833012783923,STALL_EXIT
RENDERUSDT,2025-05,8.44750397834547,0.8339324264353021,TRAILING_LOCK
POLUSDT,2025-05,63.812540659490885,6.499999999999995,TAKE_PROFIT
DOGEUSDT,2025-05,-21.326052180634505,-2.200000000000002,STOP_LOSS
XLMUSDT,2025-05,9.905603987051295,0.8000000000000007,TRAILING_LOCK
TIAUSDT,2025-05,-14.498985748152379,-2.200000000000002,STOP_LOSS
ENAUSDT,2025-05,87.79248003364215,6.499999999999995,TAKE_PROFIT
ENAUSDT,2025-05,-8.976635913331156,-0.5632200710078084,STALL_EXIT
CRVUSDT,2025-05,14.37182659012625,1.1119360312362714,TRAILING_LOCK
ORDIUSDT,2025-05,-31.8585350144604,-2.200000000000002,STOP_LOSS
TIAUSDT,2025-05,89.05242579738021,6.499999999999995,TAKE_PROFIT
RENDERUSDT,2025-05,-15.468026902770344,-1.0126786536968302,STALL_EXIT
INJUSDT,2025-05,-21.94342741112646,-2.200000000000002,STOP_LOSS
OPUSDT,2025-05,5.8952650972779015,0.49999999999998934,TRAILING_LOCK
FILUSDT,2025-05,4.671333308265123,0.8000000000000007,TRAILING_LOCK
NEARUSDT,2025-05,-21.757853649176166,-2.199999999999991,STOP_LOSS
FETUSDT,2025-06,12.058981740308356,1.346889971832943,TRAILING_LOCK
GALAUSDT,2025-06,-21.790323480517394,-2.200000000000002,STOP_LOSS
ORDIUSDT,2025-06,-14.814630805346383,-2.200000000000013,STOP_LOSS
TIAUSDT,2025-06,60.60495130376593,6.499999999999995,TAKE_PROFIT
TRXUSDT,2025-06,89.88342476781183,6.499999999999995,TAKE_PROFIT
ETHUSDT,2025-06,10.37055538383373,0.8000000000000007,TRAILING_LOCK
ENAUSDT,2025-06,-6.979823611798649,-0.4034766067105733,STALL_EXIT
TIAUSDT,2025-06,-17.458070738230628,-1.1311549118176778,STALL_EXIT
JUPUSDT,2025-06,7.055961557232152,0.8000000000000007,TRAILING_LOCK
RENDERUSDT,2025-06,-32.78893703923098,-2.200000000000002,STOP_LOSS
FETUSDT,2025-06,91.65312784582679,6.499999999999995,TAKE_PROFIT
PENDLEUSDT,2025-06,-33.218410175355935,-2.200000000000002,STOP_LOSS
SEIUSDT,2025-06,-14.656677657271459,-0.9333786921678189,STALL_EXIT
TRXUSDT,2025-06,-10.879744635205764,-1.0264397713034557,STALL_EXIT
SEIUSDT,2025-06,4.732738012066664,0.49999999999998934,TRAILING_LOCK
TIAUSDT,2025-06,-32.82426497420657,-2.200000000000002,STOP_LOSS
SEIUSDT,2025-06,91.7518780961619,6.499999999999995,TAKE_PROFIT
JUPUSDT,2025-06,43.281370816534654,6.499999999999995,TAKE_PROFIT
ETHUSDT,2025-06,34.83610643848968,2.4684598238579936,MONTH_END
APTUSDT,2025-06,27.78718274049213,2.882242357126752,MONTH_END
ORDIUSDT,2025-07,15.884429137594063,1.6455147282518512,TRAILING_LOCK
RENDERUSDT,2025-07,22.222176830801054,1.5690157819208572,TRAILING_LOCK
JUPUSDT,2025-07,-17.422512504871165,-1.0779488750516153,STALL_EXIT
BONKUSDT,2025-07,9.179479242734383,0.9773657483939102,TRAILING_LOCK
PENDLEUSDT,2025-07,96.4260512523949,6.499999999999995,TAKE_PROFIT
BONKUSDT,2025-07,11.03630221113923,0.8000000000000007,TRAILING_LOCK
RENDERUSDT,2025-07,-7.891695908081707,-1.0312850700707088,STALL_EXIT
OPUSDT,2025-07,-18.21808012669693,-1.6641542914126672,STALL_EXIT
TRXUSDT,2025-07,98.63375784194966,6.499999999999995,TAKE_PROFIT
DOTUSDT,2025-07,11.228825105517332,0.8000000000000007,TRAILING_LOCK
XLMUSDT,2025-07,-35.63987167544146,-2.200000000000002,STOP_LOSS
HBARUSDT,2025-07,15.484413114349069,1.077869372382012,TRAILING_LOCK
ORDIUSDT,2025-07,67.94661284258363,6.499999999999995,TAKE_PROFIT
XRPUSDT,2025-07,99.94030176648491,6.499999999999995,TAKE_PROFIT
ALGOUSDT,2025-07,7.883163154532623,0.8000000000000007,TRAILING_LOCK
XLMUSDT,2025-07,43.482365987939694,2.780053092343704,TRAILING_LOCK
HBARUSDT,2025-07,5.3718902847365095,0.8000000000000007,TRAILING_LOCK
ALGOUSDT,2025-07,70.45348983176281,6.499999999999995,TAKE_PROFIT
INJUSDT,2025-07,-29.12179694484505,-2.200000000000002,STOP_LOSS
CRVUSDT,2025-07,105.40410238359495,6.499999999999995,TAKE_PROFIT
BONKUSDT,2025-07,-38.202260953202085,-2.200000000000002,STOP_LOSS
BONKUSDT,2025-07,-25.783151122186567,-2.200000000000002,STOP_LOSS
CRVUSDT,2025-07,-15.629761289249194,-0.8596764731549467,STALL_EXIT
POLUSDT,2025-07,72.02149935562699,6.499999999999995,TAKE_PROFIT
ORDIUSDT,2025-07,105.93391014136036,6.499999999999995,TAKE_PROFIT
JUPUSDT,2025-07,48.96540080990882,6.499999999999995,TAKE_PROFIT
BONKUSDT,2025-07,-39.27700288033273,-2.200000000000002,STOP_LOSS
GALAUSDT,2025-07,28.8480252320268,1.7669135389770219,TRAILING_LOCK
BONKUSDT,2025-07,74.64237489971103,6.499999999999995,TAKE_PROFIT
OPUSDT,2025-07,50.7472607078163,6.499999999999995,TAKE_PROFIT
GALAUSDT,2025-07,70.240785083732,6.499999999999995,TAKE_PROFIT
CRVUSDT,2025-07,12.829968192244387,0.8000000000000007,TRAILING_LOCK
ENAUSDT,2025-07,114.66412858072103,6.499999999999995,TAKE_PROFIT
CRVUSDT,2025-07,6.066121265758128,0.8000000000000007,TRAILING_LOCK
ICPUSDT,2025-07,10.16463979060828,0.9002392682726734,TRAILING_LOCK
APTUSDT,2025-07,18.29935993858129,1.0839489249944378,TRAILING_LOCK
BONKUSDT,2025-07,80.04076983149137,6.499999999999995,TAKE_PROFIT
GALAUSDT,2025-07,50.82513906041859,2.8515932953034673,TRAILING_LOCK
CRVUSDT,2025-07,-19.72286332462465,-2.200000000000002,STOP_LOSS
ENAUSDT,2025-07,-22.663161142417483,-2.200000000000002,STOP_LOSS
ENSUSDT,2025-07,93.86280150561893,6.499999999999995,TAKE_PROFIT
ENAUSDT,2025-07,-23.357362207376806,-1.4930756516200128,STALL_EXIT
DOGEUSDT,2025-07,-10.212731931839729,-0.7226643415244927,STALL_EXIT
TIAUSDT,2025-07,-42.89580613131801,-2.200000000000002,STOP_LOSS
GALAUSDT,2025-07,6.21565020659145,0.8000000000000007,TRAILING_LOCK
CRVUSDT,2025-07,-18.541574267299325,-1.380224701859878,STALL_EXIT
ENAUSDT,2025-07,-6.003323003550021,-0.24143410314949598,STALL_EXIT
CRVUSDT,2025-07,81.26635785613126,6.499999999999995,TAKE_PROFIT
ENSUSDT,2025-07,-13.020162042627174,-1.4329112964501234,STALL_EXIT
TIAUSDT,2025-07,18.782557974215504,1.0771406590905253,TRAILING_LOCK
ENAUSDT,2025-07,-43.08406993083846,-2.200000000000013,STOP_LOSS
CRVUSDT,2025-07,-42.76972855662288,-2.200000000000002,STOP_LOSS
CRVUSDT,2025-07,9.115512074681398,0.8000000000000007,TRAILING_LOCK
PENDLEUSDT,2025-07,-19.625041179919652,-2.199999999999991,STOP_LOSS
ENAUSDT,2025-07,-28.789110712139298,-2.200000000000002,STOP_LOSS
TRXUSDT,2025-07,119.55189015860209,6.499999999999995,TAKE_PROFIT
ENAUSDT,2025-07,-43.04320833156341,-2.200000000000002,STOP_LOSS
PENDLEUSDT,2025-07,-19.750528341662537,-2.200000000000002,STOP_LOSS
RENDERUSDT,2025-07,-29.050362923701112,-2.200000000000002,STOP_LOSS
VETUSDT,2025-07,13.493420552708162,0.8000000000000007,TRAILING_LOCK
ENAUSDT,2025-07,119.59097658332803,6.499999999999995,TAKE_PROFIT
ENAUSDT,2025-07,-43.34409754240868,-2.200000000000002,STOP_LOSS
ENAUSDT,2025-08,23.540180037863557,1.3273688378945936,TRAILING_LOCK
JUPUSDT,2025-08,5.3887909450106894,0.49999999999998934,TRAILING_LOCK
ENAUSDT,2025-08,-17.503788561113755,-1.0995157753663554,STALL_EXIT
ENAUSDT,2025-08,-25.683320604188225,-2.200000000000013,STOP_LOSS
GALAUSDT,2025-08,-11.009671665434494,-1.0592969606949443,STALL_EXIT
FILUSDT,2025-08,-12.411989073052931,-0.7932349539645833,STALL_EXIT
PENDLEUSDT,2025-08,91.42577462277643,6.499999999999995,TAKE_PROFIT
ENAUSDT,2025-08,-21.117464415825463,-1.02888600529909,STALL_EXIT
CRVUSDT,2025-08,-43.26591662508215,-2.200000000000002,STOP_LOSS
ORDIUSDT,2025-08,6.2692796304092875,0.8000000000000007,TRAILING_LOCK
CRVUSDT,2025-08,13.563236367595383,0.8000000000000007,TRAILING_LOCK
TIAUSDT,2025-08,-29.200671346414477,-2.200000000000002,STOP_LOSS
ORDIUSDT,2025-08,-19.821125658486814,-2.200000000000002,STOP_LOSS
ENAUSDT,2025-08,13.690428026008698,1.1506578709328918,TRAILING_LOCK
JUPUSDT,2025-08,-21.19413386924954,-1.0468770036860642,STALL_EXIT
ENAUSDT,2025-08,81.71044139994083,6.499999999999995,TAKE_PROFIT
CRVUSDT,2025-08,120.1850368892099,6.499999999999995,TAKE_PROFIT
POLUSDT,2025-08,124.33277759518229,6.499999999999995,TAKE_PROFIT
BONKUSDT,2025-08,-22.824919229887545,-1.0748535343293897,STALL_EXIT
JUPUSDT,2025-08,9.639046418872715,0.8000000000000007,TRAILING_LOCK
RENDERUSDT,2025-08,14.177737013544506,0.8000000000000007,TRAILING_LOCK
ENAUSDT,2025-08,58.43375008811792,6.499999999999995,TAKE_PROFIT
ORDIUSDT,2025-08,14.367242242776054,0.8000000000000007,TRAILING_LOCK
PENDLEUSDT,2025-08,14.400344368903092,0.8000000000000007,TRAILING_LOCK
ADAUSDT,2025-08,14.433522762329137,0.8000000000000007,TRAILING_LOCK
PENDLEUSDT,2025-08,-20.72532645073866,-0.9514829921624557,STALL_EXIT
PENDLEUSDT,2025-08,-21.995506208255865,-1.0183241156093703,STALL_EXIT
TRXUSDT,2025-09,87.10368915055335,6.499999999999995,TAKE_PROFIT
XRPUSDT,2025-09,128.11777680291792,6.499999999999995,TAKE_PROFIT
RENDERUSDT,2025-09,-19.369310067341438,-1.2999946268519968,STALL_EXIT
DOTUSDT,2025-09,132.53928659946598,6.499999999999995,TAKE_PROFIT
DOGEUSDT,2025-09,-37.69634907530891,-2.199999999999991,STOP_LOSS
BONKUSDT,2025-09,-37.421316512455526,-2.200000000000002,STOP_LOSS
DOGEUSDT,2025-09,104.6017656007455,6.499999999999995,TAKE_PROFIT
CRVUSDT,2025-09,-37.911465069003725,-2.200000000000002,STOP_LOSS
DOGEUSDT,2025-09,-25.774943579393728,-2.200000000000002,STOP_LOSS
NEARUSDT,2025-09,11.825308115212035,0.8000000000000007,TRAILING_LOCK
TRXUSDT,2025-09,-14.518134153879771,-0.9589535543023109,STALL_EXIT
ETHUSDT,2025-09,15.47868089083999,0.8210028343102804,TRAILING_LOCK
DOGEUSDT,2025-09,-18.58109144561343,-1.228368222444598,STALL_EXIT
ICPUSDT,2025-09,-11.551793812451239,-1.116412770139863,STALL_EXIT
TRXUSDT,2025-09,-20.37040461445538,-0.8973758951318134,STALL_EXIT
PENDLEUSDT,2025-09,35.73600903114135,1.8000000000000016,TRAILING_LOCK
INJUSDT,2025-10,134.12089195321389,6.499999999999995,TAKE_PROFIT
TRXUSDT,2025-10,-22.884400400322694,-0.993362452807256,STALL_EXIT
SEIUSDT,2025-10,8.923765804202892,0.49999999999998934,TRAILING_LOCK
RENDERUSDT,2025-10,15.318444592189866,0.8000000000000007,TRAILING_LOCK
ENAUSDT,2025-10,-33.05549306604844,-2.199999999999991,STOP_LOSS
APTUSDT,2025-10,15.353738288530204,0.8000000000000007,TRAILING_LOCK
PENDLEUSDT,2025-10,7.096896057410758,0.8000000000000007,TRAILING_LOCK
ENAUSDT,2025-11,16.777160915016925,0.8680041593477794,TRAILING_LOCK
JUPUSDT,2025-11,-11.292384639480925,-0.7001328164586207,STALL_EXIT
ICPUSDT,2025-11,136.79897943231867,6.499999999999995,TAKE_PROFIT
ICPUSDT,2025-11,139.60937766577604,6.499999999999995,TAKE_PROFIT
ICPUSDT,2025-11,142.47751272054188,6.499999999999995,TAKE_PROFIT
FILUSDT,2025-11,145.40457074187233,6.499999999999995,TAKE_PROFIT
ICPUSDT,2025-11,148.39176224319363,6.499999999999995,TAKE_PROFIT
FETUSDT,2025-11,151.44032260671776,6.499999999999995,TAKE_PROFIT
FILUSDT,2025-11,32.575814752456296,1.8000000000000016,TRAILING_LOCK
GALAUSDT,2025-11,14.817490321908739,1.0039341056579554,TRAILING_LOCK
FILUSDT,2025-11,-43.41956711862003,-2.200000000000002,STOP_LOSS
TIAUSDT,2025-11,10.116187322134012,0.49999999999998934,TRAILING_LOCK
ORDIUSDT,2025-11,-54.99025316571817,-2.200000000000002,STOP_LOSS
FILUSDT,2025-11,-42.620632139855246,-2.200000000000002,STOP_LOSS
NEARUSDT,2025-11,105.27204404816564,6.499999999999995,TAKE_PROFIT
ICPUSDT,2025-11,154.99836686446653,6.499999999999995,TAKE_PROFIT
ORDIUSDT,2025-11,-38.193180945707795,-2.199999999999991,STOP_LOSS
NEARUSDT,2025-11,-56.17701706454728,-2.200000000000002,STOP_LOSS
FILUSDT,2025-11,28.602184392871923,1.8000000000000016,TRAILING_LOCK
DOTUSDT,2025-11,4.7483989588203945,0.49999999999998934,TRAILING_LOCK
FILUSDT,2025-11,156.92906634978473,6.499999999999995,TAKE_PROFIT
FILUSDT,2025-11,10.477300183384152,0.49999999999998934,TRAILING_LOCK
FETUSDT,2025-11,-38.6689250215085,-2.200000000000002,STOP_LOSS
ICPUSDT,2025-11,-44.574209176939014,-2.200000000000002,STOP_LOSS
ICPUSDT,2025-11,-38.307981299665386,-2.200000000000002,STOP_LOSS
NEARUSDT,2025-11,158.65811579486927,6.499999999999995,TAKE_PROFIT
FILUSDT,2025-11,27.183914246105928,1.1631011702287974,TRAILING_LOCK
FILUSDT,2025-11,-57.42228131872918,-2.200000000000002,STOP_LOSS
ICPUSDT,2025-11,18.001051059229766,0.8000000000000007,TRAILING_LOCK
NEARUSDT,2025-11,-57.13466402275602,-2.200000000000013,STOP_LOSS
FILUSDT,2025-11,17.91088721496205,0.8000000000000007,TRAILING_LOCK
FETUSDT,2025-11,17.95215389910494,0.8000000000000007,TRAILING_LOCK
FILUSDT,2025-11,-56.979466262013915,-2.199999999999991,STOP_LOSS
DOTUSDT,2025-11,-38.456105812551506,-2.200000000000013,STOP_LOSS
ENAUSDT,2025-11,-26.145229570990935,-2.200000000000002,STOP_LOSS
ADAUSDT,2025-11,-56.56374407616634,-2.200000000000002,STOP_LOSS
ICPUSDT,2025-11,-55.679723656428486,-2.200000000000002,STOP_LOSS
ICPUSDT,2025-11,-55.27348439263122,-2.200000000000013,STOP_LOSS
FILUSDT,2025-11,-54.8702090505026,-2.200000000000013,STOP_LOSS
PENDLEUSDT,2025-11,17.201013475348326,0.8000000000000007,TRAILING_LOCK
CRVUSDT,2025-11,-37.03254353945488,-2.200000000000002,STOP_LOSS
FILUSDT,2025-11,-25.17738944125624,-2.200000000000002,STOP_LOSS
FETUSDT,2025-11,17.097312924807987,0.8000000000000007,TRAILING_LOCK
DOGEUSDT,2025-11,103.64719363426792,6.499999999999995,TAKE_PROFIT
ORDIUSDT,2025-11,119.62191863918139,6.499999999999995,TAKE_PROFIT
OPUSDT,2025-11,81.32759306905741,6.499999999999995,TAKE_PROFIT
FETUSDT,2025-11,-56.488570485837165,-2.200000000000002,STOP_LOSS
TIAUSDT,2025-11,-18.710898618925995,-0.6807625689761454,STALL_EXIT
APTUSDT,2025-11,-29.20474215888222,-1.110327370584907,STALL_EXIT
TIAUSDT,2025-11,156.9150420412881,6.499999999999995,TAKE_PROFIT
ENAUSDT,2025-11,14.129356647763778,0.8000000000000007,TRAILING_LOCK
ICPUSDT,2025-11,-15.878088333249153,-0.8755237998672727,STALL_EXIT
ICPUSDT,2025-12,20.758666720490424,0.912406791499798,TRAILING_LOCK
TIAUSDT,2025-12,109.13933870050309,6.499999999999995,TAKE_PROFIT
ORDIUSDT,2025-12,88.54059319100226,3.620978524501517,TRAILING_LOCK
RENDERUSDT,2025-12,-31.120135450430205,-2.199999999999991,STOP_LOSS
PENDLEUSDT,2025-12,-14.207226395190451,-1.1492376558019157,STALL_EXIT
BONKUSDT,2025-12,18.354300108714227,0.8000000000000007,TRAILING_LOCK
ORDIUSDT,2025-12,164.03624671079956,6.499999999999995,TAKE_PROFIT
TRXUSDT,2025-12,-30.867683358930176,-1.1037704842948526,STALL_EXIT
TRXUSDT,2025-12,-28.102685117308496,-1.001831312988799,STALL_EXIT
HBARUSDT,2025-12,76.81951012642409,6.499999999999995,TAKE_PROFIT
VETUSDT,2025-12,112.99113675283576,6.499999999999995,TAKE_PROFIT
FILUSDT,2025-12,-10.63025020403234,-0.5038467969916693,STALL_EXIT
TRXUSDT,2025-12,44.65469130689841,1.8049833087051992,MONTH_END
AVAXUSDT,2026-01,170.79318816075548,6.499999999999995,TAKE_PROFIT
RENDERUSDT,2026-01,174.3019634183298,6.499999999999995,TAKE_PROFIT
RENDERUSDT,2026-01,177.88282295479584,6.499999999999995,TAKE_PROFIT
RENDERUSDT,2026-01,95.23748816903951,5.033932200330371,TRAILING_LOCK
RENDERUSDT,2026-01,125.37865060455682,6.499999999999995,TAKE_PROFIT
POLUSDT,2026-01,14.596134713395042,0.8123481113631481,TRAILING_LOCK
POLUSDT,2026-01,-30.96698216591707,-2.200000000000002,STOP_LOSS
CRVUSDT,2026-01,-23.448359237188647,-1.0937499249178528,STALL_EXIT
RENDERUSDT,2026-01,14.258286035926245,0.8000000000000007,TRAILING_LOCK
POLUSDT,2026-01,-45.25526756868499,-2.200000000000002,STOP_LOSS
POLUSDT,2026-01,9.645254994292163,0.8000000000000007,TRAILING_LOCK
CRVUSDT,2026-01,126.49958183173456,6.499999999999995,TAKE_PROFIT
RENDERUSDT,2026-01,-23.98420984374369,-1.6716461548570538,STALL_EXIT
ENAUSDT,2026-01,-24.464672245435434,-1.1347517185243627,STALL_EXIT
ICPUSDT,2026-01,8.393536940942974,0.49999999999998934,TRAILING_LOCK
ICPUSDT,2026-01,128.47364434876317,6.499999999999995,TAKE_PROFIT
ICPUSDT,2026-01,-26.433743744342163,-1.214338669010595,STALL_EXIT
AVAXUSDT,2026-01,14.643359110293009,0.8000000000000007,TRAILING_LOCK
TRXUSDT,2026-01,181.5372476695792,6.499999999999995,TAKE_PROFIT
CRVUSDT,2026-01,-68.44099826194842,-2.200000000000002,STOP_LOSS
RENDERUSDT,2026-01,-67.94165273862909,-2.200000000000002,STOP_LOSS
GALAUSDT,2026-01,-46.191627330717225,-2.200000000000002,STOP_LOSS
AVAXUSDT,2026-01,-31.404394056589336,-2.200000000000002,STOP_LOSS
ORDIUSDT,2026-01,-33.1238988660881,-1.049227035236877,STALL_EXIT
PENDLEUSDT,2026-01,-35.96881842191315,-1.1506602282685185,STALL_EXIT
ETHUSDT,2026-01,-26.721097349007113,-0.8378674322853885,STALL_EXIT
ENSUSDT,2026-01,-51.73434040535998,-2.200000000000013,STOP_LOSS
FETUSDT,2026-01,-35.17272948007273,-2.200000000000002,STOP_LOSS
TRXUSDT,2026-01,14.250627253626469,0.8000000000000007,TRAILING_LOCK
JUPUSDT,2026-01,50.481674385841856,1.8331923305006992,TRAILING_LOCK
ICPUSDT,2026-01,-66.01896516749215,-2.200000000000002,STOP_LOSS
ORDIUSDT,2026-01,-44.884445886353156,-2.200000000000002,STOP_LOSS
PENDLEUSDT,2026-02,77.72681148609195,2.7976450850358603,TRAILING_LOCK
OPUSDT,2026-02,-28.083214591879777,-0.8934377996447473,STALL_EXIT
ICPUSDT,2026-02,-65.57201356338328,-2.199999999999991,STOP_LOSS
APTUSDT,2026-02,-17.237722757900436,-0.8080742774253635,STALL_EXIT
ICPUSDT,2026-02,-7.718863097913703,-0.5049188029651708,STALL_EXIT
ENSUSDT,2026-02,13.917863012344915,0.8000000000000007,TRAILING_LOCK
DOGEUSDT,2026-02,13.949929768725452,0.8000000000000007,TRAILING_LOCK
INJUSDT,2026-02,36.806685010653666,2.874216316607714,TRAILING_LOCK
INJUSDT,2026-02,125.42961766516147,6.499999999999995,TAKE_PROFIT
OPUSDT,2026-02,-15.13543280168572,-1.036531254708306,STALL_EXIT
INJUSDT,2026-02,128.00644373047479,6.499999999999995,TAKE_PROFIT
INJUSDT,2026-02,14.615917657457384,0.8000000000000007,TRAILING_LOCK
TRXUSDT,2026-02,35.10806822278331,1.3097122199495326,MONTH_END
NEARUSDT,2026-03,21.31099246711339,0.8000000000000007,TRAILING_LOCK
DOGEUSDT,2026-03,-45.98674228886517,-2.200000000000002,STOP_LOSS
TRXUSDT,2026-03,-33.48303124411235,-1.0486365889327387,STALL_EXIT
ADAUSDT,2026-03,21.176994635537913,0.8000000000000007,TRAILING_LOCK
CRVUSDT,2026-03,-35.15852541273083,-1.112612503628263,STALL_EXIT
ICPUSDT,2026-03,-66.95847376398642,-2.200000000000013,STOP_LOSS
ICPUSDT,2026-03,-66.46994473940428,-2.200000000000013,STOP_LOSS
FETUSDT,2026-03,-65.98498002258528,-2.200000000000002,STOP_LOSS
FETUSDT,2026-03,12.066444085746658,0.49999999999998934,TRAILING_LOCK
FETUSDT,2026-03,-65.5915903843901,-2.199999999999991,STOP_LOSS
FETUSDT,2026-03,44.136525440099376,1.625485928141468,TRAILING_LOCK
APTUSDT,2026-03,26.070679182406913,0.9883991636417067,TRAILING_LOCK
FETUSDT,2026-03,125.63146167550956,6.499999999999995,TAKE_PROFIT
APTUSDT,2026-03,184.78693294548023,6.499999999999995,TAKE_PROFIT
JUPUSDT,2026-03,129.9671655287493,6.499999999999995,TAKE_PROFIT
FILUSDT,2026-03,191.1641684445737,6.499999999999995,TAKE_PROFIT
FETUSDT,2026-03,-70.23305272569557,-2.200000000000002,STOP_LOSS
FETUSDT,2026-03,-30.50601204413744,-0.9176058032365098,STALL_EXIT
ALGOUSDT,2026-04,195.69190722309048,6.499999999999995,TAKE_PROFIT
VETUSDT,2026-04,22.39763010449506,0.8000000000000007,TRAILING_LOCK
ENAUSDT,2026-04,200.17233867794823,6.499999999999995,TAKE_PROFIT
CRVUSDT,2026-04,22.910431312570037,0.8000000000000007,TRAILING_LOCK
JUPUSDT,2026-04,-49.324509064908355,-2.199999999999991,STOP_LOSS
ORDIUSDT,2026-04,203.7420283904036,6.499999999999995,TAKE_PROFIT
ORDIUSDT,2026-04,-73.84348388432662,-2.200000000000002,STOP_LOSS
ORDIUSDT,2026-04,13.503501388982514,0.49999999999998934,TRAILING_LOCK
ORDIUSDT,2026-04,13.521650094848948,0.49999999999998934,TRAILING_LOCK
ORDIUSDT,2026-04,13.53982319257674,0.49999999999998934,TRAILING_LOCK
ORDIUSDT,2026-04,207.24403092848868,6.499999999999995,TAKE_PROFIT
ORDIUSDT,2026-04,211.5016522998837,6.499999999999995,TAKE_PROFIT
ORDIUSDT,2026-04,161.8747221059991,4.894692615291829,TRAILING_LOCK
ORDIUSDT,2026-04,-52.91912232179041,-2.200000000000002,STOP_LOSS
ORDIUSDT,2026-04,9.677136074666043,0.49999999999998934,TRAILING_LOCK
ORDIUSDT,2026-04,9.690142145550276,0.49999999999998934,TRAILING_LOCK
ORDIUSDT,2026-04,-52.67432806722541,-2.200000000000002,STOP_LOSS
ORDIUSDT,2026-04,147.23767710926893,6.499999999999995,TAKE_PROFIT
ORDIUSDT,2026-04,150.26252794780157,6.499999999999995,TAKE_PROFIT
ORDIUSDT,2026-04,41.66441965063912,1.8242869847341137,TRAILING_LOCK
ORDIUSDT,2026-04,10.088208655278573,0.49999999999998934,TRAILING_LOCK
PENDLEUSDT,2026-04,-37.28293280736734,-2.200000000000002,STOP_LOSS
ORDIUSDT,2026-04,-37.01091652960476,-2.200000000000002,STOP_LOSS
NEARUSDT,2026-04,-48.70470267597243,-1.3466592818624834,STALL_EXIT
ORDIUSDT,2026-04,11.292713785786475,0.49999999999998934,TRAILING_LOCK
ORDIUSDT,2026-04,-61.38569504833656,-2.199999999999991,STOP_LOSS
ORDIUSDT,2026-04,171.5880862328223,6.499999999999995,TAKE_PROFIT
ORDIUSDT,2026-04,175.1131918763893,6.499999999999995,TAKE_PROFIT
ORDIUSDT,2026-04,-62.71080154588783,-2.1728214985036964,STALL_EXIT
ORDIUSDT,2026-04,19.897837747663967,0.8000000000000007,TRAILING_LOCK
TRXUSDT,2026-04,35.550537106950266,1.5580805455030378,TRAILING_LOCK
GALAUSDT,2026-04,-33.68014855200109,-0.8683897158579423,STALL_EXIT
TRXUSDT,2026-04,24.86535531893331,0.7823078593454325,MONTH_END
PENDLEUSDT,2026-05,154.8831798595427,6.499999999999995,TAKE_PROFIT
PENDLEUSDT,2026-05,158.06509990657744,6.499999999999995,TAKE_PROFIT
ORDIUSDT,2026-05,39.52147089180349,2.4410489006861713,TRAILING_LOCK
ORDIUSDT,2026-05,-21.71088694336012,-0.7797346501578595,STALL_EXIT
ORDIUSDT,2026-05,161.67828995569488,6.499999999999995,TAKE_PROFIT
ENAUSDT,2026-05,-39.839182232610234,-2.199999999999991,STOP_LOSS
PENDLEUSDT,2026-05,111.36029381098425,6.499999999999995,TAKE_PROFIT
ORDIUSDT,2026-05,-22.626234648249486,-0.8003672413139373,STALL_EXIT
FILUSDT,2026-05,-22.554854832934954,-0.7922795950594863,STALL_EXIT
ORDIUSDT,2026-05,-40.08171774528751,-2.200000000000013,STOP_LOSS
PENDLEUSDT,2026-05,-58.49780350717496,-2.200000000000002,STOP_LOSS
TRXUSDT,2026-05,227.81226445498962,6.499999999999995,TAKE_PROFIT
GALAUSDT,2026-05,241.12498023030898,6.499999999999995,TAKE_PROFIT
FILUSDT,2026-05,246.07865182416018,6.499999999999995,TAKE_PROFIT
OPUSDT,2026-05,28.1645710258582,0.8000000000000007,TRAILING_LOCK
FILUSDT,2026-05,19.148303232492328,0.8000000000000007,TRAILING_LOCK
PENDLEUSDT,2026-05,17.93200135681313,0.8000000000000007,TRAILING_LOCK
ORDIUSDT,2026-05,-20.08090000920105,-1.0306014042079203,STALL_EXIT
ORDIUSDT,2026-05,-89.5173246145721,-2.199999999999991,STOP_LOSS
FILUSDT,2026-05,-60.8603225203585,-2.200000000000002,STOP_LOSS
JUPUSDT,2026-05,-63.316616764498185,-1.552680499982928,STALL_EXIT
PENDLEUSDT,2026-05,-60.114397343061,-2.200000000000002,STOP_LOSS
ALGOUSDT,2026-05,-24.780482474687755,-0.8695373290486419,STALL_EXIT
CRVUSDT,2026-05,-35.29129130687821,-0.8393841025044035,STALL_EXIT
INJUSDT,2026-05,113.33904793723161,6.499999999999995,TAKE_PROFIT
JUPUSDT,2026-05,166.70645053367645,6.499999999999995,TAKE_PROFIT
ICPUSDT,2026-05,-41.640373268820575,-2.200000000000002,STOP_LOSS
ORDIUSDT,2026-05,-61.24737195945805,-2.200000000000013,STOP_LOSS
RENDERUSDT,2026-05,170.34597941629295,6.499999999999995,TAKE_PROFIT
ETHUSDT,2026-05,15.338740412484686,0.8000000000000007,TRAILING_LOCK
TRXUSDT,2026-05,245.20270070495076,6.499999999999995,TAKE_PROFIT
JUPUSDT,2026-05,115.81346171771398,6.499999999999995,TAKE_PROFIT
ENAUSDT,2026-05,29.16713859953728,0.8000000000000007,TRAILING_LOCK
NEARUSDT,2026-05,23.73416173066246,1.347530030721611,TRAILING_LOCK
NEARUSDT,2026-05,13.382197670547072,0.49999999999998934,TRAILING_LOCK
ICPUSDT,2026-05,176.81679428100628,6.499999999999995,TAKE_PROFIT
RENDERUSDT,2026-05,-49.45650844610911,-2.200000000000002,STOP_LOSS
NEARUSDT,2026-05,-28.25231282182014,-0.8055081367439598,STALL_EXIT
SEIUSDT,2026-05,-71.00409154482534,-2.200000000000002,STOP_LOSS
OPUSDT,2026-05,-48.27369372676353,-2.200000000000002,STOP_LOSS
CRVUSDT,2026-05,-18.1911540438511,-0.5084090944994402,STALL_EXIT
XLMUSDT,2026-05,260.64729300375285,6.499999999999995,TAKE_PROFIT
PENDLEUSDT,2026-05,-64.22615557882641,-2.200000000000002,STOP_LOSS
NEARUSDT,2026-05,29.83200347565073,0.8000000000000007,TRAILING_LOCK
XLMUSDT,2026-05,11.799706335819552,0.49999999999998934,TRAILING_LOCK
NEARUSDT,2026-05,-64.14163933759212,-2.200000000000002,STOP_LOSS
XLMUSDT,2026-05,-15.642769224039172,-0.7378643429202136,STALL_EXIT
XLMUSDT,2026-05,-43.212346338920646,-2.200000000000002,STOP_LOSS
ENAUSDT,2026-05,265.2954375304144,6.499999999999995,TAKE_PROFIT
XLMUSDT,2026-05,143.5671036238631,6.499999999999995,TAKE_PROFIT
FETUSDT,2026-05,23.682374894074968,0.8000000000000007,TRAILING_LOCK
ORDIUSDT,2026-05,41.934961457651234,1.584285961122256,TRAILING_LOCK
TIAUSDT,2026-05,30.589762987086033,0.8000000000000007,TRAILING_LOCK
JUPUSDT,2026-05,154.63414242147437,5.433460702951742,MONTH_END
BONKUSDT,2026-05,45.30355622724488,2.3869297407510315,MONTH_END
INJUSDT,2026-06,277.4946761400298,6.499999999999995,TAKE_PROFIT
RENDERUSDT,2026-06,31.76024599252139,0.8000000000000007,TRAILING_LOCK
JUPUSDT,2026-06,27.62675357473557,1.4318382119619777,TRAILING_LOCK
FILUSDT,2026-06,64.43179593882314,2.2234939237335327,TRAILING_LOCK
NEARUSDT,2026-06,-7.33659233158893,-0.0859371256171304,STALL_EXIT
ENAUSDT,2026-06,38.74578374426597,0.9510011057225931,TRAILING_LOCK
APTUSDT,2026-06,-47.01145416843955,-2.200000000000002,STOP_LOSS
ENAUSDT,2026-06,32.1178912743822,0.8000000000000007,TRAILING_LOCK
FILUSDT,2026-06,-27.63588365747291,-0.8312376871553728,STALL_EXIT
PENDLEUSDT,2026-06,32.01990342952783,0.8000000000000007,TRAILING_LOCK
ORDIUSDT,2026-06,-69.09537645420943,-2.200000000000002,STOP_LOSS
ADAUSDT,2026-06,47.239372067840584,1.1397834453389821,TRAILING_LOCK
NEARUSDT,2026-06,285.7196127218977,6.499999999999995,TAKE_PROFIT
TRXUSDT,2026-06,-68.98696310782755,-2.200000000000002,STOP_LOSS
OPUSDT,2026-06,229.40368743884704,6.499999999999995,TAKE_PROFIT
APTUSDT,2026-06,155.965143786424,6.499999999999995,TAKE_PROFIT
INJUSDT,2026-06,69.82841765903008,1.5839070959667856,TRAILING_LOCK
ICPUSDT,2026-06,-72.31996796738083,-2.200000000000002,STOP_LOSS
ETHUSDT,2026-06,-55.165978176151334,-1.1024290763486544,STALL_EXIT
ORDIUSDT,2026-06,202.15206311780742,6.499999999999995,TAKE_PROFIT
OPUSDT,2026-06,-24.879781074651767,-0.9562175875307721,STALL_EXIT
VETUSDT,2026-06,25.427340355416533,0.8000000000000007,TRAILING_LOCK
NEARUSDT,2026-06,153.63428906148474,6.499999999999995,TAKE_PROFIT
CRVUSDT,2026-06,-18.31735373101312,-0.6723878572010178,STALL_EXIT
NEARUSDT,2026-06,-31.068052908524475,-0.7876013859888453,STALL_EXIT
AVAXUSDT,2026-06,14.973461624974092,0.49999999999998934,TRAILING_LOCK
ENSUSDT,2026-06,-55.33733319101202,-2.200000000000002,STOP_LOSS
AVAXUSDT,2026-06,229.18767106309335,6.499999999999995,TAKE_PROFIT
FETUSDT,2026-06,-31.526295029395094,-0.7895629153212735,STALL_EXIT
RENDERUSDT,2026-06,17.747270854277694,0.8000000000000007,TRAILING_LOCK
NEARUSDT,2026-06,36.65348542630412,1.0922128656468466,TRAILING_LOCK
JUPUSDT,2026-06,-49.1737120822561,-1.9173878930108135,STALL_EXIT
CRVUSDT,2026-06,24.525144596938436,1.077290707395373,TRAILING_LOCK
JUPUSDT,2026-06,-98.9821873633028,-2.656493356285239,STALL_EXIT
INJUSDT,2026-06,25.871698890691867,0.8000000000000007,TRAILING_LOCK
JUPUSDT,2026-06,25.93130728493612,0.8000000000000007,TRAILING_LOCK
ENAUSDT,2026-06,-55.024450912128195,-1.4442785519671042,STALL_EXIT
JUPUSDT,2026-06,-55.95686578961326,-2.200000000000002,STOP_LOSS
NEARUSDT,2026-06,25.73535206323981,0.8000000000000007,TRAILING_LOCK
ORDIUSDT,2026-06,15.046877016729326,0.49999999999998934,TRAILING_LOCK
ORDIUSDT,2026-06,69.15471623203044,2.0077087681091843,TRAILING_LOCK
ORDIUSDT,2026-06,11.880748948715926,0.49999999999998934,TRAILING_LOCK
ENAUSDT,2026-06,-55.60865401826267,-2.200000000000002,STOP_LOSS
TRXUSDT,2026-06,-44.04232914947028,-1.137759552202322,STALL_EXIT
ENAUSDT,2026-07,304.2595119045559,6.499999999999995,TAKE_PROFIT
JUPUSDT,2026-07,310.51021931712245,6.499999999999995,TAKE_PROFIT
ORDIUSDT,2026-07,-41.098350136757844,-1.1446856487746349,STALL_EXIT
ORDIUSDT,2026-07,24.06727465993956,0.8000000000000007,TRAILING_LOCK
JUPUSDT,2026-07,316.8893412627738,6.499999999999995,TAKE_PROFIT
BONKUSDT,2026-07,-114.72790579488885,-2.200000000000013,STOP_LOSS
NEARUSDT,2026-07,-77.43120064713474,-2.200000000000002,STOP_LOSS
INJUSDT,2026-07,-113.89085099420942,-2.200000000000013,STOP_LOSS
AVAXUSDT,2026-07,30.202853457954916,0.8000000000000007,TRAILING_LOCK
TRXUSDT,2026-07,-25.73224130256583,-1.0344723891343555,STALL_EXIT
JUPUSDT,2026-07,35.53502617633221,0.8000000000000007,TRAILING_LOCK
TIAUSDT,2026-07,-37.011276772986804,-1.020482915915344,STALL_EXIT
HBARUSDT,2026-07,-52.96603603413585,-0.9907149456402253,STALL_EXIT
BONKUSDT,2026-07,-22.788890254126247,-0.6015655106477613,STALL_EXIT
TIAUSDT,2026-07,-64.57116803575931,-1.2329561646592935,STALL_EXIT
BONKUSDT,2026-07,213.4395568795828,6.499999999999995,TAKE_PROFIT
JUPUSDT,2026-07,24.428911304985093,0.8000000000000007,TRAILING_LOCK
AVAXUSDT,2026-07,16.60853278674293,0.8000000000000007,TRAILING_LOCK
ORDIUSDT,2026-07,-52.79724708426566,-2.200000000000002,STOP_LOSS
ORDIUSDT,2026-07,21.354264399272957,1.008941600917379,TRAILING_LOCK
OPUSDT,2026-07,-52.567839082596215,-2.200000000000013,STOP_LOSS
XRPUSDT,2026-07,30.835415323905796,0.9853166888472042,TRAILING_LOCK
FETUSDT,2026-07,-77.26966055913319,-2.200000000000013,STOP_LOSS
TRXUSDT,2026-07,29.837832909382357,0.6901751976795101,MONTH_END
ALGOUSDT,2026-08,215.58870059242216,6.499999999999995,TAKE_PROFIT
TRXUSDT,2026-08,35.562829516522235,0.8000000000000007,TRAILING_LOCK
BONKUSDT,2026-08,-114.44802836599422,-2.200000000000002,STOP_LOSS
XLMUSDT,2026-08,-41.324530274228785,-1.1397969135338748,STALL_EXIT
NEARUSDT,2026-08,147.29366163734267,6.499999999999995,TAKE_PROFIT
CRVUSDT,2026-08,150.3196626220204,6.499999999999995,TAKE_PROFIT
CRVUSDT,2026-08,-33.113606897533494,-1.3057790479117592,STALL_EXIT
ENSUSDT,2026-08,17.988212619774263,0.8361460239737273,TRAILING_LOCK
GALAUSDT,2026-08,-54.3709304625572,-2.200000000000002,STOP_LOSS
RENDERUSDT,2026-08,216.64910694563474,6.499999999999995,TAKE_PROFIT
ORDIUSDT,2026-08,-18.63950529640732,-0.6995509590291937,STALL_EXIT
PENDLEUSDT,2026-08,225.78638183684498,6.499999999999995,TAKE_PROFIT
POLUSDT,2026-08,156.399119565644,6.499999999999995,TAKE_PROFIT
ORDIUSDT,2026-08,230.0420072684919,6.499999999999995,TAKE_PROFIT
GALAUSDT,2026-08,-84.5166359212199,-2.199999999999991,STOP_LOSS
TRXUSDT,2026-08,319.9103332621266,6.499999999999995,TAKE_PROFIT
ENSUSDT,2026-08,-122.60477577934138,-2.200000000000002,STOP_LOSS
NEARUSDT,2026-08,-83.35555411865255,-2.200000000000002,STOP_LOSS
GALAUSDT,2026-08,-56.67110728975662,-2.200000000000002,STOP_LOSS
POLUSDT,2026-08,-82.05281129030907,-2.200000000000002,STOP_LOSS
XRPUSDT,2026-08,-120.6886168136199,-2.200000000000002,STOP_LOSS
XRPUSDT,2026-08,-119.2094153541735,-2.200000000000002,STOP_LOSS
BONKUSDT,2026-08,-118.33966345974945,-2.200000000000002,STOP_LOSS
ENAUSDT,2026-08,16.895807038800115,0.49999999999998934,TRAILING_LOCK
APTUSDT,2026-08,-62.35792466816825,-2.200000000000002,STOP_LOSS
ENSUSDT,2026-08,-10.521995260789115,-0.21817790805668258,STALL_EXIT
ENAUSDT,2026-08,-117.06779718750046,-2.200000000000002,STOP_LOSS
CRVUSDT,2026-08,21.605870019128066,0.9970543532287657,TRAILING_LOCK
GALAUSDT,2026-08,-30.804189409658562,-0.8089150482392338,STALL_EXIT
HBARUSDT,2026-08,-61.285423205952426,-1.1223608260649054,STALL_EXIT
BONKUSDT,2026-08,16.948846054037915,0.8000000000000007,TRAILING_LOCK
ENAUSDT,2026-08,12.361097089993384,0.49999999999998934,TRAILING_LOCK
NEARUSDT,2026-08,-49.40440190991628,-1.4578643270403369,STALL_EXIT
JUPUSDT,2026-08,-90.28084814129986,-2.199999999999991,STOP_LOSS
RENDERUSDT,2026-08,28.30173444418756,0.8000000000000007,TRAILING_LOCK
BONKUSDT,2026-08,-60.93159653345636,-2.200000000000002,STOP_LOSS
TRXUSDT,2026-08,24.92946621428449,0.8000000000000007,TRAILING_LOCK
POLUSDT,2026-08,21.154357520530287,0.49999999999998934,TRAILING_LOCK
JUPUSDT,2026-08,75.68121234634685,1.580562991016965,TRAILING_LOCK
VETUSDT,2026-08,59.26112023237627,1.8000000000000016,TRAILING_LOCK
BONKUSDT,2026-08,160.5118742514654,3.2473270618960104,MONTH_END
